-- ------------------------------------------------------------------------------------------------------------------------------------------------------------------------------------------
-- AIRPORT DATA
-- ------------------------------------------------------------------------------------------------------------------------------------------------------------------------------------------
INSERT INTO airport (name, city, country, iata_code, icao_code, time_zone) VALUES
('Hartsfield-Jackson Atlanta Intl Airport', 'Atlanta', 'USA', 'ATL', 'KATL', 'America/New_York'),
('Los Angeles International Airport', 'Los Angeles', 'USA', 'LAX', 'KLAX', 'America/Los_Angeles'),
('Chicago O\'Hare International Airport', 'Chicago', 'USA', 'ORD', 'KORD', 'America/Chicago'),
('Dallas/Fort Worth International Airport', 'Dallas', 'USA', 'DFW', 'KDFW', 'America/Chicago'),
('Denver International Airport', 'Denver', 'USA', 'DEN', 'KDEN', 'America/Denver'),
('John F. Kennedy International Airport', 'New York', 'USA', 'JFK', 'KJFK', 'America/New_York'),
('San Francisco International Airport', 'San Francisco', 'USA', 'SFO', 'KSFO', 'America/Los_Angeles'),
('Seattle-Tacoma International Airport', 'Seattle', 'USA', 'SEA', 'KSEA', 'America/Los_Angeles'),
('Miami International Airport', 'Miami', 'USA', 'MIA', 'KMIA', 'America/New_York'),
('Orlando International Airport', 'Orlando', 'USA', 'MCO', 'KMCO', 'America/New_York'),
('Boston Logan International Airport', 'Boston', 'USA', 'BOS', 'KBOS', 'America/New_York'),
('Phoenix Sky Harbor International Airport', 'Phoenix', 'USA', 'PHX', 'KPHX', 'America/Phoenix'),
('Houston George Bush Intercontinental Airport', 'Houston', 'USA', 'IAH', 'KIAH', 'America/Chicago'),
('Las Vegas Harry Reid International Airport', 'Las Vegas', 'USA', 'LAS', 'KLAS', 'America/Los_Angeles'),
('Toronto Pearson International Airport', 'Toronto', 'Canada', 'YYZ', 'CYYZ', 'America/Toronto'),
('Vancouver International Airport', 'Vancouver', 'Canada', 'YVR', 'CYVR', 'America/Vancouver'),
('Mexico City International Airport', 'Mexico City', 'Mexico', 'MEX', 'MMMX', 'America/Mexico_City'),
('London Heathrow Airport', 'London', 'United Kingdom', 'LHR', 'EGLL', 'Europe/London'),
('London Gatwick Airport', 'London', 'United Kingdom', 'LGW', 'EGKK', 'Europe/London'),
('Manchester Airport', 'Manchester', 'United Kingdom', 'MAN', 'EGCC', 'Europe/London'),
('Paris Charles de Gaulle Airport', 'Paris', 'France', 'CDG', 'LFPG', 'Europe/Paris'),
('Frankfurt Airport', 'Frankfurt', 'Germany', 'FRA', 'EDDF', 'Europe/Berlin'),
('Munich Airport', 'Munich', 'Germany', 'MUC', 'EDDM', 'Europe/Berlin'),
('Amsterdam Schiphol Airport', 'Amsterdam', 'Netherlands', 'AMS', 'EHAM', 'Europe/Amsterdam'),
('Madrid Barajas Airport', 'Madrid', 'Spain', 'MAD', 'LEMD', 'Europe/Madrid'),
('Barcelona El Prat Airport', 'Barcelona', 'Spain', 'BCN', 'LEBL', 'Europe/Madrid'),
('Lisbon Humberto Delgado Airport', 'Lisbon', 'Portugal', 'LIS', 'LPPT', 'Europe/Lisbon'),
('Vienna International Airport', 'Vienna', 'Austria', 'VIE', 'LOWW', 'Europe/Vienna'),
('Zurich Airport', 'Zurich', 'Switzerland', 'ZRH', 'LSZH', 'Europe/Zurich'),
('Brussels Airport', 'Brussels', 'Belgium', 'BRU', 'EBBR', 'Europe/Brussels'),
('Copenhagen Airport', 'Copenhagen', 'Denmark', 'CPH', 'EKCH', 'Europe/Copenhagen'),
('Stockholm Arlanda Airport', 'Stockholm', 'Sweden', 'ARN', 'ESSA', 'Europe/Stockholm'),
('Oslo Gardermoen Airport', 'Oslo', 'Norway', 'OSL', 'ENGM', 'Europe/Oslo'),
('Warsaw Chopin Airport', 'Warsaw', 'Poland', 'WAW', 'EPWA', 'Europe/Warsaw'),
('Athens Eleftherios Venizelos Airport', 'Athens', 'Greece', 'ATH', 'LGAV', 'Europe/Athens'),
('Prague Václav Havel Airport', 'Prague', 'Czech Republic', 'PRG', 'LKPR', 'Europe/Prague'),
('Beijing Capital International Airport', 'Beijing', 'China', 'PEK', 'ZBAA', 'Asia/Shanghai'),
('Shanghai Pudong International Airport', 'Shanghai', 'China', 'PVG', 'ZSPD', 'Asia/Shanghai'),
('Hong Kong International Airport', 'Hong Kong', 'China', 'HKG', 'VHHH', 'Asia/Hong_Kong'),
('Tokyo Haneda Airport', 'Tokyo', 'Japan', 'HND', 'RJTT', 'Asia/Tokyo'),
('Tokyo Narita Airport', 'Tokyo', 'Japan', 'NRT', 'RJAA', 'Asia/Tokyo'),
('Seoul Incheon International Airport', 'Seoul', 'South Korea', 'ICN', 'RKSI', 'Asia/Seoul'),
('Singapore Changi Airport', 'Singapore', 'Singapore', 'SIN', 'WSSS', 'Asia/Singapore'),
('Dubai International Airport', 'Dubai', 'UAE', 'DXB', 'OMDB', 'Asia/Dubai'),
('Delhi Indira Gandhi International Airport', 'Delhi', 'India', 'DEL', 'VIDP', 'Asia/Kolkata'),
('Istanbul Airport', 'Istanbul', 'Turkey', 'IST', 'LTFM', 'Europe/Istanbul'),
('Doha Hamad International Airport', 'Doha', 'Qatar', 'DOH', 'OTHH', 'Asia/Qatar'),
('Abu Dhabi International Airport', 'Abu Dhabi', 'UAE', 'AUH', 'OMAA', 'Asia/Dubai'),
('Johannesburg OR Tambo International Airport', 'Johannesburg', 'South Africa', 'JNB', 'FAOR', 'Africa/Johannesburg'),
('Cairo International Airport', 'Cairo', 'Egypt', 'CAI', 'HECA', 'Africa/Cairo');

SELECT * FROM airport;
-- ------------------------------------------------------------------------------------------------------------------------------------------------------------------------------------------
-- AIRLINE DATA
-- ------------------------------------------------------------------------------------------------------------------------------------------------------------------------------------------
INSERT INTO airline (name, country, iata_code, icao_code) VALUES
('American Airlines', 'USA', 'AA', 'AAL'),
('Delta Air Lines', 'USA', 'DL', 'DAL'),
('United Airlines', 'USA', 'UA', 'UAL'),
('Southwest Airlines', 'USA', 'WN', 'SWA'),
('Alaska Airlines', 'USA', 'AS', 'ASA'),
('JetBlue Airways', 'USA', 'B6', 'JBU'),
('Air Canada', 'Canada', 'AC', 'ACA'),
('WestJet', 'Canada', 'WS', 'WJA'),
('Spirit Airlines', 'USA', 'NK', 'NKS'),
('Frontier Airlines', 'USA', 'F9', 'FFT'),
('British Airways', 'United Kingdom', 'BA', 'BAW'),
('Virgin Atlantic', 'United Kingdom', 'VS', 'VIR'),
('Lufthansa', 'Germany', 'LH', 'DLH'),
('Swiss International Air Lines', 'Switzerland', 'LX', 'SWR'),
('KLM Royal Dutch Airlines', 'Netherlands', 'KL', 'KLM'),
('Air France', 'France', 'AF', 'AFR'),
('Iberia', 'Spain', 'IB', 'IBE'),
('Vueling Airlines', 'Spain', 'VY', 'VLG'),
('SAS Scandinavian Airlines', 'Denmark', 'SK', 'SAS'),
('Austrian Airlines', 'Austria', 'OS', 'AUA'),
('Finnair', 'Finland', 'AY', 'FIN'),
('Aer Lingus', 'Ireland', 'EI', 'EIN'),
('Turkish Airlines', 'Turkey', 'TK', 'THY'),
('LOT Polish Airlines', 'Poland', 'LO', 'LOT'),
('Norwegian Air Shuttle', 'Norway', 'DY', 'NAX'),
('Japan Airlines', 'Japan', 'JL', 'JAL'),
('All Nippon Airways (ANA)', 'Japan', 'NH', 'ANA'),
('Singapore Airlines', 'Singapore', 'SQ', 'SIA'),
('Cathay Pacific', 'Hong Kong', 'CX', 'CPA'),
('Emirates', 'United Arab Emirates', 'EK', 'UAE'),
('Etihad Airways', 'United Arab Emirates', 'EY', 'ETD'),
('Qatar Airways', 'Qatar', 'QR', 'QTR'),
('China Eastern Airlines', 'China', 'MU', 'CES'),
('China Southern Airlines', 'China', 'CZ', 'CSN'),
('Korean Air', 'South Korea', 'KE', 'KAL'),
('LATAM Airlines', 'Chile', 'LA', 'LAN'),
('Gol Linhas Aéreas', 'Brazil', 'G3', 'GLO'),
('Avianca', 'Colombia', 'AV', 'AVA'),
('Aeroméxico', 'Mexico', 'AM', 'AMX'),
('Azul Brazilian Airlines', 'Brazil', 'AD', 'AZU'),
('Saudi Arabian Airlines', 'Saudi Arabia', 'SV', 'SVA'),
('El Al Israel Airlines', 'Israel', 'LY', 'ELY'),
('Ethiopian Airlines', 'Ethiopia', 'ET', 'ETH'),
('Kenya Airways', 'Kenya', 'KQ', 'KQA'),
('South African Airways', 'South Africa', 'SA', 'SAA'),
('Qantas Airways', 'Australia', 'QF', 'QFA'),
('Virgin Australia', 'Australia', 'VA', 'VOZ'),
('Air New Zealand', 'New Zealand', 'NZ', 'ANZ'),
('Fiji Airways', 'Fiji', 'FJ', 'FJI'),
('Jetstar Airways', 'Australia', 'JQ', 'JST');

SELECT * FROM airline;
-- ------------------------------------------------------------------------------------------------------------------------------------------------------------------------------------------
-- AIRCRAFT DATA
-- ------------------------------------------------------------------------------------------------------------------------------------------------------------------------------------------
INSERT INTO aircraft (airline_id, model, manufacturer, year, registration_number, total_seats, flight_range) VALUES
(1, 'Boeing 737-800', 'Boeing', 2018, 'N101AA', 189, 5835),
(2, 'Airbus A321-200', 'Airbus', 2019, 'N102DL', 206, 5950),
(3, 'Boeing 777-300ER', 'Boeing', 2017, 'N103UA', 396, 13650),
(4, 'Boeing 737 MAX 8', 'Boeing', 2021, 'N104WN', 175, 6570),
(5, 'Boeing 737-900ER', 'Boeing', 2016, 'N105AS', 178, 6030),
(6, 'Airbus A321neo', 'Airbus', 2020, 'N106B6', 200, 7400),
(7, 'Boeing 787-9', 'Boeing', 2019, 'C107AC', 296, 14140),
(8, 'Boeing 737 MAX 7', 'Boeing', 2022, 'C108WS', 153, 7030),
(9, 'Airbus A320-200', 'Airbus', 2018, 'N109NK', 180, 6150),
(10, 'Airbus A321XLR', 'Airbus', 2023, 'N110F9', 244, 8700),
(11, 'Boeing 787-10', 'Boeing', 2020, 'G111BA', 318, 11900),
(12, 'Boeing 747-400', 'Boeing', 2015, 'G112VS', 416, 13350),
(13, 'Airbus A350-900', 'Airbus', 2019, 'D113LH', 325, 15000),
(14, 'Airbus A330-300', 'Airbus', 2017, 'CH114LX', 277, 11750),
(15, 'Boeing 777-200ER', 'Boeing', 2018, 'NL115KL', 314, 13700),
(16, 'Boeing 737 MAX 8', 'Boeing', 2021, 'F116AF', 178, 6570),
(17, 'Airbus A320neo', 'Airbus', 2020, 'E117IB', 174, 7150),
(18, 'Airbus A321-200', 'Airbus', 2019, 'P118TP', 206, 5950),
(19, 'Boeing 737 MAX 9', 'Boeing', 2022, 'D119SK', 178, 6550),
(20, 'Airbus A220-300', 'Airbus', 2023, 'A120OS', 40, 6110),
(21, 'Boeing 787-8', 'Boeing', 2022, 'F121AY', 242, 13450),
(22, 'Boeing 757-200', 'Boeing', 2014, 'IRL122EI', 200, 7222),
(23, 'Airbus A330-200', 'Airbus', 2018, 'T123TK', 276, 13450),
(24, 'Boeing 737-800', 'Boeing', 2016, 'P124LOT', 189, 5835),
(25, 'Boeing 737 MAX 8', 'Boeing', 2020, 'N125DY', 178, 6570),
(26, 'Boeing 777-200', 'Boeing', 2018, 'J126JL', 314, 13700),
(27, 'Airbus A380-800', 'Airbus', 2014, 'J127NH', 555, 15200),
(28, 'Boeing 787-10', 'Boeing', 2021, 'S128SQ', 318, 11900),
(29, 'Boeing 777-300ER', 'Boeing', 2017, 'HK129CX', 396, 13650),
(30, 'Airbus A380-800', 'Airbus', 2016, 'UAE130EK', 555, 15200),
(31, 'Boeing 787-9', 'Boeing', 2019, 'UAE131EY', 296, 14140),
(32, 'Boeing 777-300ER', 'Boeing', 2015, 'Q132QR', 396, 13650),
(33, 'Airbus A320neo', 'Airbus', 2020, 'C133MU', 174, 7150),
(34, 'Boeing 737 MAX 8', 'Boeing', 2022, 'C134CZ', 178, 6570),
(35, 'Boeing 777-300ER', 'Boeing', 2017, 'K135KE', 396, 13650),
(36, 'Boeing 787-9', 'Boeing', 2018, 'CH136LA', 296, 14140),
(37, 'Boeing 737-800', 'Boeing', 2016, 'B137G3', 189, 5835),
(38, 'Airbus A320-200', 'Airbus', 2019, 'C138AV', 180, 6150),
(39, 'Boeing 737 MAX 8', 'Boeing', 2021, 'M139AM', 178, 6570),
(40, 'Airbus A321-200', 'Airbus', 2018, 'B140AZ', 206, 5950),
(41, 'Boeing 777-300ER', 'Boeing', 2015, 'SA141SV', 396, 13650),
(42, 'Boeing 737-800', 'Boeing', 2016, 'IL142LY', 189, 5835),
(43, 'Boeing 787-9', 'Boeing', 2022, 'E143ET', 296, 14140),
(44, 'Boeing 737 MAX 8', 'Boeing', 2020, 'K144KQ', 178, 6570),
(45, 'Airbus A330-200', 'Airbus', 2017, 'SA145SA', 276, 13450),
(46, 'Boeing 787-9', 'Boeing', 2018, 'A146QF', 296, 14140),
(47, 'Boeing 737-800', 'Boeing', 2016, 'A147VA', 189, 5835),
(48, 'Airbus A320-200', 'Airbus', 2019, 'NZ148NZ', 180, 6150),
(49, 'Boeing 737 MAX 8', 'Boeing', 2021, 'F149FJ', 178, 6570),
(50, 'Airbus A321XLR', 'Airbus', 2023, 'A150JQ', 244, 8700),
(1, 'AeroElite 5000', 'Gulfstream Aerospace', 2025, 'XXXXXX', 1, 1000);

SELECT * FROM aircraft;
-- ------------------------------------------------------------------------------------------------------------------------------------------------------------------------------------------
-- FLIGHT DATA
-- ------------------------------------------------------------------------------------------------------------------------------------------------------------------------------------------
INSERT INTO flight (airline_id, aircraft_id, departure_airport_id, arrival_airport_id, flight_number, departure_time, arrival_time, distance) VALUES
(1, 1, 1, 15, 'AA101', '2020-01-05 08:00:00', '2020-01-05 12:00:00', 3200),
(2, 2, 2, 18, 'DL202', '2020-03-12 09:30:00', '2020-03-12 13:15:00', 2900),
(3, 3, 3, 20, 'UA303', '2021-05-25 14:00:00', '2021-05-25 18:00:00', 2800),
(4, 4, 4, 22, 'WN404', '2021-08-10 16:45:00', '2021-08-10 20:30:00', 2600),
(5, 5, 5, 25, 'AS505', '2022-02-18 06:30:00', '2022-02-18 10:15:00', 2500),
(6, 6, 6, 30, 'BA111', '2022-04-07 07:00:00', '2022-04-07 09:00:00', 1000),
(7, 7, 7, 35, 'VS112', '2023-07-15 10:30:00', '2023-07-15 13:15:00', 1100),
(8, 8, 8, 40, 'LH113', '2023-10-22 14:45:00', '2023-10-22 17:30:00', 1050),
(9, 9, 9, 45, 'LX114', '2024-12-05 06:15:00', '2024-12-05 09:00:00', 950),
(10, 10, 10, 50, 'KL115', '2024-01-30 12:00:00', '2024-01-30 14:30:00', 1200),
(11, 11, 11, 43, 'JL201', '2020-06-11 07:45:00', '2020-06-11 12:30:00', 3500),
(12, 12, 12, 44, 'NH202', '2021-09-14 08:30:00', '2021-09-14 13:45:00', 3700),
(13, 13, 13, 1, 'SQ203', '2022-11-03 09:15:00', '2022-11-03 14:00:00', 3600),
(14, 14, 14, 5, 'CX204', '2023-03-08 10:00:00', '2023-03-08 14:45:00', 3400),
(15, 15, 15, 9, 'EK205', '2024-06-25 11:30:00', '2024-06-25 16:15:00', 3900),
(16, 16, 16, 12, 'LA301', '2024-09-09 06:00:00', '2024-09-09 10:45:00', 2800),
(17, 17, 17, 19, 'G303', '2020-04-14 07:30:00', '2020-04-14 12:15:00', 2900),
(18, 18, 18, 23, 'AV304', '2021-07-23 08:15:00', '2021-07-23 13:00:00', 3100),
(19, 19, 19, 27, 'AM305', '2022-05-10 09:00:00', '2022-05-10 13:45:00', 3200),
(20, 20, 20, 31, 'AZ306', '2023-08-17 10:30:00', '2023-08-17 15:15:00', 3300),
(21, 21, 21, 36, 'SV401', '2024-10-21 06:45:00', '2024-10-21 11:30:00', 2900),
(22, 22, 22, 41, 'LY402', '2024-11-11 07:30:00', '2024-11-11 12:15:00', 2800),
(23, 23, 23, 46, 'ET403', '2020-02-01 08:15:00', '2020-02-01 13:00:00', 2700),
(24, 24, 24, 31, 'KQ404', '2021-06-22 09:00:00', '2021-06-22 13:45:00', 3000),
(25, 25, 25, 32, 'SA405', '2022-10-08 10:30:00', '2022-10-08 15:15:00', 3100),
(26, 26, 26, 7, 'QF501', '2023-01-15 07:00:00', '2023-01-15 11:45:00', 3200),
(27, 27, 27, 10, 'VA502', '2024-03-20 08:30:00', '2024-03-20 13:15:00', 3300),
(28, 28, 28, 15, 'NZ503', '2024-07-07 09:15:00', '2024-07-07 14:00:00', 3100),
(29, 29, 29, 20, 'FJ504', '2020-08-31 10:00:00', '2020-08-31 14:45:00', 3500),
(30, 30, 30, 25, 'JQ505', '2021-12-27 11:30:00', '2021-12-27 16:15:00', 3300),
(31, 31, 31, 12, 'EY506', '2020-05-20 06:30:00', '2020-05-20 17:00:00', 10800),
(32, 32, 32, 14, 'QR507', '2021-07-14 08:45:00', '2021-07-14 19:30:00', 10300),
(33, 33, 33, 16, 'MU508', '2022-10-22 10:00:00', '2022-10-22 20:40:00', 9800),
(34, 34, 34, 18, 'CZ509', '2023-12-27 11:30:00', '2023-12-27 22:15:00', 9400),
(35, 35, 35, 20, 'KE510', '2024-05-16 13:00:00', '2024-05-17 00:10:00', 10200),
(36, 36, 36, 22, 'LA511', '2024-07-30 15:00:00', '2024-07-31 02:20:00', 11500),
(37, 37, 37, 24, 'G512', '2020-09-07 16:45:00', '2020-09-08 04:30:00', 11900),
(38, 38, 38, 26, 'AV513', '2021-11-12 18:20:00', '2021-11-13 05:15:00', 11200),
(39, 39, 39, 28, 'AM514', '2022-01-22 20:00:00', '2022-01-23 06:45:00', 10700),
(40, 40, 40, 30, 'AZ515', '2023-06-19 22:30:00', '2023-06-20 09:30:00', 10100),
(41, 41, 41, 32, 'SV516', '2024-08-14 06:15:00', '2024-08-14 15:45:00', 7200),
(42, 42, 42, 34, 'LY517', '2024-10-29 08:10:00', '2024-10-29 17:30:00', 7400),
(43, 43, 43, 36, 'ET518', '2020-02-11 09:30:00', '2020-02-11 19:10:00', 7600),
(44, 44, 44, 38, 'KQ519', '2021-06-22 11:00:00', '2021-06-22 21:30:00', 7700),
(45, 45, 45, 40, 'SA520', '2022-09-15 12:45:00', '2022-09-15 23:00:00', 7900),
(46, 46, 46, 42, 'QF521', '2023-11-25 14:30:00', '2023-11-26 00:20:00', 9100),
(47, 47, 47, 44, 'VA522', '2024-12-30 16:15:00', '2024-12-31 02:40:00', 9400),
(48, 48, 48, 46, 'NZ523', '2024-03-19 18:00:00', '2024-03-20 05:15:00', 9900),
(49, 49, 49, 48, 'FJ524', '2020-05-01 20:00:00', '2020-05-02 06:00:00', 10400),
(50, 50, 50, 49, 'JQ525', '2021-07-14 22:10:00', '2021-07-15 08:30:00', 9800),
(1, 1, 21, 3, 'AA526', '2020-06-10 07:00:00', '2020-06-10 12:30:00', 3200),
(2, 2, 22, 5, 'DL527', '2021-08-21 08:30:00', '2021-08-21 14:00:00', 3100),
(3, 3, 23, 7, 'UA528', '2022-10-14 09:45:00', '2022-10-14 15:20:00', 3400),
(4, 4, 24, 9, 'WN529', '2023-11-05 10:20:00', '2023-11-05 15:40:00', 3300),
(5, 5, 1, 11, 'AS530', '2024-01-15 12:10:00', '2024-01-15 18:00:00', 3600),
(6, 6, 3, 13, 'BA531', '2024-03-22 13:50:00', '2024-03-22 19:15:00', 3800),
(7, 7, 5, 15, 'VS532', '2020-05-28 15:30:00', '2020-05-28 20:45:00', 3900),
(8, 8, 7, 17, 'LH533', '2021-07-14 16:00:00', '2021-07-14 21:30:00', 4100),
(9, 9, 9, 19, 'LX534', '2022-09-01 17:15:00', '2022-09-01 22:45:00', 4300),
(10, 10, 11, 21, 'KL535', '2023-10-10 18:30:00', '2023-10-10 23:50:00', 4500),
(11, 11, 13, 23, 'JL536', '2024-12-05 19:40:00', '2024-12-06 01:20:00', 4700),
(12, 12, 15, 25, 'NH537', '2024-02-18 21:10:00', '2024-02-19 02:45:00', 4900),
(13, 13, 17, 27, 'SQ538', '2020-03-07 22:30:00', '2020-03-08 04:00:00', 5100),
(14, 14, 19, 29, 'CX539', '2021-05-14 23:50:00', '2021-05-15 05:30:00', 5300),
(15, 15, 21, 31, 'EK540', '2022-07-21 06:00:00', '2022-07-21 12:15:00', 5500),
(16, 16, 23, 33, 'LA541', '2023-09-10 07:15:00', '2023-09-10 13:30:00', 5700),
(17, 17, 25, 35, 'G542', '2024-11-28 08:30:00', '2024-11-28 14:40:00', 5900),
(18, 18, 27, 37, 'AV543', '2024-01-22 09:45:00', '2024-01-22 16:00:00', 6100),
(19, 19, 29, 39, 'AM544', '2020-04-08 11:00:00', '2020-04-08 17:30:00', 6300),
(20, 20, 31, 41, 'AZ545', '2021-06-15 12:30:00', '2021-06-15 18:45:00', 6500),
(21, 21, 33, 43, 'SV546', '2022-08-25 13:50:00', '2022-08-25 20:00:00', 6700),
(22, 22, 35, 45, 'LY547', '2023-10-05 15:10:00', '2023-10-05 21:30:00', 6900),
(23, 23, 37, 47, 'ET548', '2024-12-12 16:30:00', '2024-12-12 22:40:00', 7100),
(24, 24, 39, 49, 'KQ549', '2024-02-28 18:00:00', '2024-02-28 00:20:00', 7300),
(25, 25, 41, 11, 'SA550', '2020-05-10 19:30:00', '2020-05-10 01:45:00', 7500),
(26, 26, 43, 13, 'QF551', '2021-07-20 21:00:00', '2021-07-21 03:15:00', 7700),
(27, 27, 45, 2, 'VA552', '2022-09-30 22:30:00', '2022-09-30 04:40:00', 7900),
(28, 28, 47, 4, 'NZ553', '2023-11-15 23:50:00', '2023-11-16 06:00:00', 8100),
(29, 29, 49, 6, 'FJ554', '2024-12-25 06:10:00', '2024-12-25 12:30:00', 8300),
(30, 30, 23, 8, 'JQ555', '2024-03-05 07:30:00', '2024-03-05 13:45:00', 8500),
(1, 1, 43, 10, 'AA556', '2020-04-14 08:50:00', '2020-04-14 15:00:00', 8700),
(2, 2, 14, 12, 'DL557', '2021-06-20 10:15:00', '2021-06-20 16:30:00', 8900),
(3, 3, 1, 14, 'UA558', '2022-08-28 11:40:00', '2022-08-28 18:00:00', 9100),
(4, 4, 3, 16, 'WN559', '2023-10-10 13:00:00', '2023-10-10 19:30:00', 9300),
(5, 5, 5, 18, 'AS560', '2024-12-22 14:20:00', '2024-12-22 21:00:00', 9500),
(6, 6, 7, 20, 'BA561', '2024-02-10 15:45:00', '2024-02-10 22:30:00', 9700),
(7, 7, 9, 22, 'VS562', '2020-05-30 17:10:00', '2020-05-30 23:40:00', 9900),
(8, 8, 11, 24, 'LH563', '2021-07-21 18:30:00', '2021-07-21 01:00:00', 10100),
(9, 9, 13, 26, 'LX564', '2022-09-15 20:00:00', '2022-09-16 02:20:00', 10300),
(10, 10, 15, 28, 'KL565', '2023-11-18 21:30:00', '2023-11-19 03:50:00', 10500),
(11, 11, 17, 30, 'JL566', '2024-12-30 23:00:00', '2024-12-31 05:15:00', 10700),
(12, 12, 19, 32, 'NH567', '2024-03-19 06:15:00', '2024-03-19 12:30:00', 10900),
(13, 13, 21, 34, 'SQ568', '2020-04-14 07:30:00', '2020-04-14 13:45:00', 11100),
(14, 14, 23, 36, 'CX569', '2021-06-20 08:45:00', '2021-06-20 15:00:00', 11300),
(15, 15, 25, 38, 'EK570', '2022-08-28 10:00:00', '2022-08-28 16:15:00', 11500),
(16, 16, 27, 40, 'LA571', '2023-10-10 11:30:00', '2023-10-10 17:45:00', 11700),
(17, 17, 29, 42, 'G572', '2024-12-15 12:45:00', '2024-12-15 19:00:00', 11900),
(18, 18, 31, 44, 'AV573', '2024-02-20 14:00:00', '2024-02-20 20:15:00', 12100),
(19, 19, 33, 46, 'AM574', '2020-04-25 15:30:00', '2020-04-25 21:45:00', 12300),
(20, 20, 35, 48, 'AZ575', '2021-06-30 17:00:00', '2021-06-30 23:15:00', 12500),
(27, 15, 40, 15, 'JP576', '2024-06-30 16:50:00', '2024-06-30 23:00:00', 12500),
(27, 15, 40, 20, 'JP577', '2024-02-15 13:20:00', '2024-02-15 18:15:00', 10500),
(26, 15, 40, 25, 'JP578', '2024-04-02 07:30:00', '2024-04-02 14:05:00', 15200),
(26, 15, 40, 30, 'JP579', '2024-12-10 10:00:00', '2024-12-10 15:00:00', 14000),
(26, 15, 40, 35, 'JP580', '2024-08-01 11:05:00', '2024-08-01 16:20:00', 9500),
(26, 15, 40, 39, 'JP581', '2024-03-03 04:15:00', '2024-03-03 08:35:00', 11500),
(26, 15, 40, 45, 'JP582', '2024-05-12 17:45:00', '2024-05-12 23:45:00', 13500),
(17, 25, 25, 5, 'SP576', '2024-06-30 16:50:00', '2024-06-30 23:00:00', 9500),
(17, 25, 25, 10, 'SP577', '2024-02-15 13:20:00', '2024-02-15 18:15:00', 11500),
(18, 25, 25, 15, 'SP578', '2024-04-02 07:30:00', '2024-04-02 14:05:00', 14200),
(18, 25, 25, 29, 'SP579', '2024-12-10 10:00:00', '2024-12-10 15:00:00', 12000),
(18, 25, 25, 30, 'SP580', '2024-08-01 11:05:00', '2024-08-01 16:20:00', 10500),
(18, 25, 25, 35, 'SP581', '2024-03-03 04:15:00', '2024-03-03 08:35:00', 12500),
(11, 30, 18, 11, 'SP576', '2024-06-30 16:50:00', '2024-06-30 23:00:00', 12500),
(11, 30, 18, 21, 'SP577', '2024-02-15 13:20:00', '2024-02-15 18:15:00', 10500),
(11, 30, 18, 31, 'SP578', '2024-04-02 07:30:00', '2024-04-02 14:05:00', 15200),
(12, 30, 18, 41, 'SP579', '2024-12-10 10:00:00', '2024-12-10 15:00:00', 14000),
(12, 30, 18, 30, 'SP580', '2024-08-01 11:05:00', '2024-08-01 16:20:00', 9500),
(1, 1, 1, 2, 'XX001', '2017-06-25 16:50:00', '2017-06-25 23:00:00', 1000),
(1, 1, 1, 5, 'XX002', '2017-07-25 16:50:00', '2017-07-25 23:00:00', 2000),
(1, 1, 1, 10, 'XX003', '2017-08-25 16:50:00', '2017-08-25 23:00:00', 1200),
(1, 1, 1, 15, 'XX004', '2017-09-25 16:50:00', '2017-09-25 23:00:00', 1100),
(15, 2, 24, 10, 'XX005', '2017-01-25 16:50:00', '2017-01-25 23:00:00', 2000),
(15, 2, 24, 9, 'XX006', '2017-02-25 16:50:00', '2017-02-25 23:00:00', 1000),
(15, 2, 24, 8, 'XX007', '2017-03-25 16:50:00', '2017-03-25 23:00:00', 1100),
(15, 2, 24, 7, 'XX008', '2017-04-25 16:50:00', '2017-04-25 23:00:00', 1200),
(15, 2, 24, 6, 'XX009', '2017-05-25 16:50:00', '2017-05-25 23:00:00', 1400),
(15, 2, 24, 5, 'XX010', '2017-06-25 16:50:00', '2017-06-25 23:00:00', 1000),
(15, 2, 24, 4, 'XX011', '2017-07-25 16:50:00', '2017-07-25 23:00:00', 3200),
(30, 3, 41, 3, 'XX012', '2017-09-25 16:50:00', '2017-09-25 23:00:00', 2500),
(30, 3, 41, 6, 'XX013', '2017-08-25 16:50:00', '2017-08-25 23:00:00', 2000),
(30, 3, 41, 11, 'XX014', '2017-07-25 16:50:00', '2017-07-25 23:00:00', 3100),
(30, 3, 41, 12, 'XX015', '2017-06-25 16:50:00', '2017-06-25 23:00:00', 4200),
(30, 3, 41, 3, 'XX016', '2017-05-25 16:50:00', '2017-05-25 23:00:00', 8400),
(30, 3, 41, 6, 'XX017', '2017-04-25 16:50:00', '2017-04-25 23:00:00', 4100),
(30, 3, 41, 11, 'XX018', '2017-03-25 16:50:00', '2017-03-25 23:00:00', 2200),
(30, 3, 41, 16, 'XX019', '2017-02-25 16:50:00', '2017-02-25 23:00:00', 2900),
(1, 1, 1, 2, 'LL001', '2020-01-05 08:00:00', '2020-01-05 12:00:00', 1000),
(1, 2, 2, 3, 'LL002', '2020-01-05 08:00:00', '2020-01-05 12:00:00', 1000),
(1, 3, 3, 4, 'LL003', '2020-01-05 08:00:00', '2020-01-05 12:00:00', 1000),
(1, 4, 4, 5, 'LL004', '2020-01-05 08:00:00', '2020-01-05 12:00:00', 1000),
(1, 5, 5, 6, 'LL005', '2020-01-05 08:00:00', '2020-01-05 12:00:00', 1000),
(1, 6, 6, 7, 'LL006', '2020-01-05 08:00:00', '2020-01-05 12:00:00', 1000),
(1, 7, 7, 8, 'LL007', '2020-01-05 08:00:00', '2020-01-05 12:00:00', 1000),
(1, 8, 8, 9, 'LL008', '2020-01-05 08:00:00', '2020-01-05 12:00:00', 1000),
(1, 9, 9, 10, 'LL009', '2020-01-05 08:00:00', '2020-01-05 12:00:00', 1000),
(1, 10, 10, 11, 'LL010', '2020-01-05 08:00:00', '2020-01-05 12:00:00', 1000),
(1, 11, 11, 12, 'LL011', '2020-01-05 08:00:00', '2020-01-05 12:00:00', 1000),
(1, 12, 12, 13, 'LL012', '2020-01-05 08:00:00', '2020-01-05 12:00:00', 1000),
(1, 13, 13, 14, 'LL013', '2020-01-05 08:00:00', '2020-01-05 12:00:00', 1000),
(1, 14, 10, 2, 'LL014', '2020-01-05 08:00:00', '2020-01-05 12:00:00', 1000),
(1, 15, 11, 2, 'LL015', '2020-01-05 08:00:00', '2020-01-05 12:00:00', 1000),
(1, 16, 3, 16, 'LL016', '2020-01-05 08:00:00', '2020-01-05 12:00:00', 2000),
(1, 17, 4, 17, 'LL017', '2020-01-05 08:00:00', '2020-01-05 12:00:00', 2000),
(1, 18, 5, 18, 'LL018', '2020-01-05 08:00:00', '2020-01-05 12:00:00', 2000),
(1, 19, 6, 19, 'LL019', '2020-01-05 08:00:00', '2020-01-05 12:00:00', 2000),
(1, 20, 7, 20, 'LL020', '2020-01-05 08:00:00', '2020-01-05 12:00:00', 2000),
(1, 21, 8, 21, 'LL021', '2020-01-05 08:00:00', '2020-01-05 12:00:00', 2000),
(1, 22, 9, 22, 'LL022', '2020-01-05 08:00:00', '2020-01-05 12:00:00', 2000),
(50, 51, 3, 6, 'XX000', '2025-01-05 08:00:00', '2025-01-05 12:00:00', 500);

SELECT * FROM flight;
-- ------------------------------------------------------------------------------------------------------------------------------------------------------------------------------------------
-- PASSENGER DATA
-- ------------------------------------------------------------------------------------------------------------------------------------------------------------------------------------------
INSERT INTO passenger (first_name, last_name, nationality, dob, contact_number, email, passport_number) VALUES
('John', 'Smith', 'USA', '1985-03-12', '+1-202-555-0173', 'john.smith@email.com', SHA2('US12345678', 256)),
('Maria', 'Gonzalez', 'Mexico', '1990-06-25', '+52-55-1234-5678', 'maria.gonzalez@email.com', SHA2('MX98765432', 256)),
('James', 'Johnson', 'Canada', '1988-11-08', '+1-416-555-0193', 'james.johnson@email.com', SHA2('CA34567890', 256)),
('Sophie', 'Dubois', 'France', '1992-09-17', '+33-1-2345-6789', 'sophie.dubois@email.com', SHA2('FR56789012', 256)),
('Liam', 'O’Connor', 'Ireland', '1995-05-30', '+353-87-654-3210', 'liam.oconnor@email.com', SHA2('IE87654321', 256)),
('Chen', 'Wei', 'China', '1984-12-22', '+86-10-8765-4321', 'chen.wei@email.com', SHA2('CN19283746', 256)),
('Aisha', 'Al-Farsi', 'UAE', '1991-07-11', '+971-50-9876-5432', 'aisha.alfarsi@email.com', SHA2('AE34529876', 256)),
('David', 'Brown', 'United Kingdom', '1987-04-18', '+44-20-7946-0958', 'david.brown@email.com', SHA2('GB90817263', 256)),
('Olga', 'Petrova', 'Russia', '1983-10-06', '+7-495-123-4567', 'olga.petrova@email.com', SHA2('RU10293847', 256)),
('Mohammed', 'Khan', 'Pakistan', '1986-08-14', '+92-300-1234567', 'mohammed.khan@email.com', SHA2('PK56781234', 256)),
('Hiroshi', 'Yamamoto', 'Japan', '1994-01-29', '+81-3-5678-9012', 'hiroshi.yamamoto@email.com', SHA2('JP89012345', 256)),
('Carlos', 'Rodriguez', 'Spain', '1993-06-15', '+34-912-345-678', 'carlos.rodriguez@email.com', SHA2('ES45678901', 256)),
('Fatima', 'Hassan', 'Egypt', '1989-09-05', '+20-2-3456789', 'fatima.hassan@email.com', SHA2('EG23456789', 256)),
('Elena', 'Kovalenko', 'Ukraine', '1997-12-08', '+380-44-987-6543', 'elena.kovalenko@email.com', SHA2('UA34567890', 256)),
('Matthew', 'Anderson', 'Australia', '1990-02-14', '+61-2-9876-5432', 'matthew.anderson@email.com', SHA2('AU87654321', 256)),
('Isabella', 'Rossi', 'Italy', '1985-07-27', '+39-06-1234-5678', 'isabella.rossi@email.com', SHA2('IT78901234', 256)),
('Ali', 'Rahman', 'Saudi Arabia', '1983-05-10', '+966-55-9876-543', 'ali.rahman@email.com', SHA2('SA90123457', 256)),
('Noah', 'Jensen', 'Denmark', '1998-04-22', '+45-1234-5678', 'noah.jensen@email.com', SHA2('DK56789012', 256)),
('Sophia', 'Müller', 'Germany', '1989-08-19', '+49-30-1234-5678', 'sophia.mueller@email.com', SHA2('DE12345678', 256)),
('Nathan', 'Williams', 'New Zealand', '1992-11-30', '+64-9-876-5432', 'nathan.williams@email.com', SHA2('NZ87654321', 256)),
('Mehmet', 'Demir', 'Turkey', '1987-03-05', '+90-212-123-4567', 'mehmet.demir@email.com', SHA2('TR34567890', 256)),
('Juan', 'Fernandez', 'Argentina', '1991-06-07', '+54-11-2345-6789', 'juan.fernandez@email.com', SHA2('AR90123456', 256)),
('Rebecca', 'Berg', 'Sweden', '1995-10-12', '+46-8-765-4321', 'rebecca.berg@email.com', SHA2('SE34567890', 256)),
('Lucas', 'Moreau', 'Belgium', '1988-12-25', '+32-2-1234-5678', 'lucas.moreau@email.com', SHA2('BE78901234', 256)),
('Patricia', 'Silva', 'Brazil', '1990-09-09', '+55-21-9876-5432', 'patricia.silva@email.com', SHA2('BR56789012', 256)),
('Jorge', 'Lopez', 'Colombia', '1984-04-18', '+57-1-2345-6789', 'jorge.lopez@email.com', SHA2('CO89012345', 256)),
('Ahmed', 'Hassan', 'Morocco', '1983-02-14', '+212-5-9876-5432', 'ahmed.hassan@email.com', SHA2('MA12345678', 256)),
('Stefan', 'Novak', 'Czech Republic', '1999-07-22', '+420-2-3456-7890', 'stefan.novak@email.com', SHA2('CZ90123456', 256)),
('Hannah', 'Lund', 'Norway', '1986-11-03', '+47-23-456-789', 'hannah.lund@email.com', SHA2('NO34567890', 256)),
('Robert', 'Davis', 'USA', '1994-05-29', '+1-213-555-0195', 'robert.davis@email.com', SHA2('US87654321', 256)),
('Lina', 'Johansson', 'Sweden', '1997-01-21', '+46-8-123-4567', 'lina.johansson@email.com', SHA2('SE67890123', 256)),
('Kumar', 'Singh', 'India', '1992-06-06', '+91-98765-43210', 'kumar.singh@email.com', SHA2('IN78901234', 256)),
('Yousef', 'Ali', 'Qatar', '1985-12-30', '+974-3312-9876', 'yousef.ali@email.com', SHA2('QA45678901', 256)),
('Anna', 'Baker', 'United Kingdom', '1998-03-19', '+44-161-555-0246', 'anna.baker@email.com', SHA2('GB34567890', 256)),
('Dmitry', 'Volkov', 'Russia', '1993-07-25', '+7-812-987-6543', 'dmitry.volkov@email.com', SHA2('RU78901234', 256)),
('Linda', 'Harris', 'Canada', '1991-09-08', '+1-604-555-0271', 'linda.harris@email.com', SHA2('CA12345678', 256)),
('Mohamed', 'Ahmed', 'Sudan', '1989-10-01', '+249-912-345678', 'mohamed.ahmed@email.com', SHA2('SD90123456', 256)),
('Giovanni', 'Esposito', 'Italy', '1987-11-15', '+39-081-7654321', 'giovanni.esposito@email.com', SHA2('IT45678901', 256)),
('Stefan', 'Ivanov', 'Bulgaria', '1985-03-07', '+359-2-987-6543', 'stefan.ivanov@email.com', SHA2('BG67890123', 256)),
('Andrea', 'Romero', 'Mexico', '1992-10-18', '+52-55-7654-3210', 'andrea.romero@email.com', SHA2('MX90123456', 256)),
('Anna', 'Lindström', 'Sweden', '1986-12-09', '+46-8-8765-4321', 'anna.lindstrom@email.com', SHA2('SE56789023', 256)),
('Johan', 'Van Dijk', 'Netherlands', '1981-07-01', '+31-20-5432-1098', 'johan.vandijk@email.com', SHA2('NL34567890', 256)),
('Yusuf', 'Hassan', 'Nigeria', '1993-05-24', '+234-802-765-4321', 'yusuf.hassan@email.com', SHA2('NG56789012', 256)),
('Carla', 'Fernandez', 'Argentina', '1989-09-08', '+54-11-5432-1098', 'carla.fernandez@email.com', SHA2('AR67890123', 256)),
('Ravi', 'Sharma', 'India', '1990-11-12', '+91-99999-54321', 'ravi.sharma@email.com', SHA2('IN89012345', 256)),
('Fatima', 'Jamal', 'Morocco', '1994-04-29', '+212-6-5432-1098', 'fatima.jamal@email.com', SHA2('MA56789012', 256)),
('Tariq', 'Saeed', 'Saudi Arabia', '1988-08-22', '+966-5-5432-1098', 'tariq.saeed@email.com', SHA2('SA90123450', 256)),
('Nikola', 'Petrovic', 'Serbia', '1997-02-16', '+381-11-987-6543', 'nikola.petrovic@email.com', SHA2('RS34567890', 256)),
('Sofia', 'Gomez', 'Chile', '1983-06-04', '+56-2-9876-5432', 'sofia.gomez@email.com', SHA2('CL56789012', 256)),
('Katerina', 'Mikhailova', 'Russia', '1996-01-29', '+7-495-543-2109', 'katerina.mikhailova@email.com', SHA2('RU67890123', 256)),
('Jacob', 'Williams', 'USA', '1987-03-13', '+1-415-555-0987', 'jacob.williams@email.com', SHA2('US34567890', 256)),
('Omar', 'El-Sayed', 'Egypt', '1992-12-06', '+20-2-5432-1098', 'omar.elsayed@email.com', SHA2('EG89012345', 256)),
('Sebastian', 'Meier', 'Germany', '1985-09-17', '+49-89-9876-5432', 'sebastian.meier@email.com', SHA2('DE56789012', 256)),
('Nguyen', 'Thanh', 'Vietnam', '1991-10-20', '+84-24-9876-5432', 'nguyen.thanh@email.com', SHA2('VN78901234', 256)),
('Luisa', 'Cabrera', 'Colombia', '1984-08-11', '+57-1-7654-3210', 'luisa.cabrera@email.com', SHA2('CO56789012', 256)),
('Daniel', 'O’Reilly', 'Ireland', '1989-02-26', '+353-87-654-3210', 'daniel.oreilly@email.com', SHA2('IE67890123', 256)),
('Mia', 'Kowalska', 'Poland', '1993-11-07', '+48-22-5432-1098', 'mia.kowalska@email.com', SHA2('PL34567890', 256)),
('Felix', 'Nielsen', 'Denmark', '1995-12-02', '+45-21-7654-3210', 'felix.nielsen@email.com', SHA2('DK89012345', 256)),
('Leon', 'Dubois', 'France', '1981-04-28', '+33-1-9876-5432', 'leon.dubois@email.com', SHA2('FR56789013', 256)),
('Amara', 'Nguyen', 'Philippines', '1997-06-19', '+63-2-7654-3210', 'amara.nguyen@email.com', SHA2('PH78901234', 256)),
('Ivan', 'Kuznetsov', 'Russia', '1986-10-15', '+7-812-5432-1098', 'ivan.kuznetsov@email.com', SHA2('RU56789012', 256)),
('Gabriella', 'Rossi', 'Italy', '1994-07-22', '+39-06-8765-4321', 'gabriella.rossi@email.com', SHA2('IT89012345', 256)),
('Fernando', 'Cortez', 'Mexico', '1983-05-14', '+52-55-8765-4321', 'fernando.cortez@email.com', SHA2('MX90123457', 256)),
('Hassan', 'Abdullah', 'Bahrain', '1990-09-21', '+973-17-987654', 'hassan.abdullah@email.com', SHA2('BH34567890', 256)),
('Tom', 'Evans', 'Australia', '1988-03-02', '+61-7-7654-3210', 'tom.evans@email.com', SHA2('AU56789013', 256)),
('Oliver', 'Gonzalez', 'Spain', '1991-12-14', '+34-91-7654-3210', 'oliver.gonzalez@email.com', SHA2('ES67890123', 256)),
('Zhang', 'Wei', 'China', '1993-10-25', '+86-21-8765-4321', 'zhang.wei@email.com', SHA2('CN90123456', 256)),
('Oliver', 'Bennett', 'United Kingdom', '1992-07-15', '+44-7890-123456', 'oliver.bennett@email.com', SHA2('GB56789012', 256)),
('Emma', 'Schmidt', 'Germany', '1989-05-22', '+49-151-23456789', 'emma.schmidt@email.com', SHA2('DE90123456', 256)),
('Lucas', 'Andersen', 'Denmark', '1995-03-10', '+45-50-7654321', 'lucas.andersen@email.com', SHA2('DK12345678', 256)),
('Isabella', 'Fernandez', 'Spain', '1993-11-30', '+34-650-987654', 'isabella.fernandez@email.com', SHA2('ES34567890', 256)),
('Ethan', 'Martinez', 'Mexico', '1987-04-05', '+52-55-43210987', 'ethan.martinez@email.com', SHA2('MX56789012', 256)),
('Sophia', 'Nguyen', 'Vietnam', '1996-08-19', '+84-24-76543210', 'sophia.nguyen@email.com', SHA2('VN78901235', 256)),
('Ali', 'Mohamed', 'Egypt', '1984-06-02', '+20-100-1234567', 'ali.mohamed@email.com', SHA2('EG89012346', 256)),
('Mason', 'Dupont', 'France', '1990-12-15', '+33-6-78901234', 'mason.dupont@email.com', SHA2('FR67890123', 256)),
('Charlotte', 'Ricci', 'Italy', '1998-02-25', '+39-320-9876543', 'charlotte.ricci@email.com', SHA2('IT45678900', 256)),
('Noah', 'Johansson', 'Sweden', '1994-09-09', '+46-73-1234567', 'noah.johansson@email.com', SHA2('SE23456789', 256)),
('Ava', 'Petrov', 'Russia', '1983-10-29', '+7-921-8765432', 'ava.petrov@email.com', SHA2('RU90123456', 256)),
('William', 'Kowalski', 'Poland', '1991-07-01', '+48-512-345678', 'william.kowalski@email.com', SHA2('PL78901234', 256)),
('Zoe', 'Chan', 'Hong Kong', '1995-11-20', '+852-6123-4567', 'zoe.chan@email.com', SHA2('HK56789012', 256)),
('Jacob', 'van der Meer', 'Netherlands', '1986-04-17', '+31-20-6543210', 'jacob.vandermeer@email.com', SHA2('NL34567891', 256)),
('Lena', 'Jensen', 'Norway', '1997-12-04', '+47-928-765432', 'lena.jensen@email.com', SHA2('NO56789012', 256)),
('Elijah', 'Singh', 'India', '1993-01-26', '+91-98765-98765', 'elijah.singh@email.com', SHA2('IN23456789', 256)),
('Amelia', 'Abdullah', 'Malaysia', '1989-06-30', '+60-12-8765432', 'amelia.abdullah@email.com', SHA2('MY78901234', 256)),
('Daniel', 'O’Malley', 'Ireland', '1985-09-12', '+353-86-5432109', 'daniel.omalley@email.com', SHA2('IE90123456', 256)),
('Hugo', 'Moreira', 'Portugal', '1990-08-28', '+351-917-123456', 'hugo.moreira@email.com', SHA2('PT45678901', 256)),
('Gabrielle', 'Gauthier', 'Canada', '1992-05-19', '+1-514-6543210', 'gabrielle.gauthier@email.com', SHA2('CA56789012', 256)),
('Rafael', 'Costa', 'Brazil', '1994-11-07', '+55-11-54321098', 'rafael.costa@email.com', SHA2('BR34567890', 256)),
('Emma', 'Al-Farsi', 'United Arab Emirates', '1988-03-14', '+971-50-9876543', 'emma.alfarsi@email.com', SHA2('AE67890123', 256)),
('Benjamin', 'Ali', 'Pakistan', '1986-07-22', '+92-345-6789012', 'benjamin.ali@email.com', SHA2('PK78901234', 256)),
('Hannah', 'Cohen', 'Israel', '1999-10-05', '+972-50-6543210', 'hannah.cohen@email.com', SHA2('IL34567890', 256)),
('Owen', 'Evans', 'Australia', '1983-01-18', '+61-7-87654321', 'owen.evans@email.com', SHA2('AU56789012', 256)),
('Sara', 'Hassan', 'Qatar', '1991-02-11', '+974-3321-9876', 'sara.hassan@email.com', SHA2('QA90123456', 256)),
('Jack', 'Bergstrom', 'Finland', '1997-08-09', '+358-40-5432109', 'jack.bergstrom@email.com', SHA2('FI56789012', 256)),
('Oliver', 'Watkins', 'Australia', '1973-01-18', '+61-7-87654331', 'oliver.watkins@email.com', SHA2('AU56780012', 256)),
('Sara', 'Massan', 'Qatar', '1981-02-11', '+974-3322-9876', 'sara.massan@email.com', SHA2('QA90123457', 256)),
('Ben', 'Strom', 'Finland', '1987-08-09', '+358-40-5432109', 'ben.strom@email.com', SHA2('FI56789002', 256)),
('Nia', 'Korwalski', 'Poland', '1991-11-07', '+48-23-5432-1098', 'nia.korwalski@email.com', SHA2('PL44567890', 256)),
('Andrew', 'Nielsen', 'Denmark', '1995-11-02', '+45-22-7654-3210', 'andrew.nielsen@email.com', SHA2('DK88012345', 256)),
('Andre', 'Dubois', 'France', '1971-04-28', '+33-2-9876-5432', 'andrew.dubois@email.com', SHA2('FR66789013', 256));

SELECT * FROM passenger;
-- ------------------------------------------------------------------------------------------------------------------------------------------------------------------------------------------
-- TICKET DATA
-- ------------------------------------------------------------------------------------------------------------------------------------------------------------------------------------------
INSERT INTO ticket (flight_id, passenger_id, booking_reference, booking_date, seat_number, class, price) VALUES
(1, 10, 'BR12345678', '2019-12-01', '12A', 'economy', 350.00),
(2, 15, 'BR12345679', '2020-01-20', '14C', 'business', 750.50),
(3, 22, 'BR12345680', '2021-04-10', '3F', 'first', 1200.00),
(4, 8, 'BR12345681', '2021-06-05', '10B', 'economy', 280.75),
(5, 30, 'BR12345682', '2021-12-15', '1A', 'first', 1500.00),
(6, 5, 'BR12345683', '2022-02-10', '18E', 'economy', 330.00),
(7, 42, 'BR12345684', '2023-06-01', '7D', 'business', 810.25),
(8, 3, 'BR12345685', '2023-09-12', '16F', 'economy', 400.00),
(9, 27, 'BR12345686', '2024-10-15', '5A', 'business', 990.00),
(10, 19, 'BR12345687', '2024-12-01', '9B', 'economy', 295.00),
(11, 17, 'BR12345688', '2020-05-20', '1C', 'first', 2000.00),
(12, 24, 'BR12345689', '2021-08-30', '15A', 'economy', 310.00),
(13, 37, 'BR12345690', '2022-10-01', '2F', 'business', 850.75),
(14, 18, 'BR12345691', '2023-02-01', '20D', 'economy', 260.50),
(15, 7, 'BR12345692', '2024-05-01', '6B', 'business', 720.00),
(16, 21, 'BR12345693', '2024-07-15', '4A', 'first', 1700.50),
(17, 33, 'BR12345694', '2020-02-15', '13C', 'economy', 390.00),
(18, 14, 'BR12345695', '2021-06-01', '22E', 'economy', 280.00),
(19, 41, 'BR12345696', '2022-04-01', '8D', 'business', 910.00),
(20, 1, 'TT000000001', '2023-06-20', '1A', 'first', 3200.25),
(20, 2, 'TT00000002', '2023-06-20', '2A', 'economy', 1220.25),
(20, 3, 'TT00000003', '2023-06-20', '3A', 'business', 2320.25),
(20, 4, 'TT00000004', '2023-06-20', '4A', 'economy', 1220.25),
(20, 5, 'TT00000005', '2023-06-20', '5A', 'first', 3200.25),
(20, 6, 'TT00000006', '2023-06-20', '6A', 'economy', 1220.25),
(20, 7, 'TT00000007', '2023-06-20', '7A', 'economy', 1220.25),
(20, 8, 'TT00000008', '2023-06-20', '8A', 'business', 2320.25),
(20, 9, 'TT00000009', '2023-06-20', '9A', 'economy', 1220.25),
(20, 10, 'TT00000010', '2023-06-20', '10A', 'economy', 1220.25),
(20, 11, 'TT00000011', '2023-06-20', '11A', 'economy', 1220.25),
(20, 12, 'TT00000012', '2023-06-20', '12A', 'business', 2320.25),
(20, 13, 'TT00000013', '2023-06-20', '13A', 'economy', 1220.25),
(20, 14, 'TT00000014', '2023-06-20', '14A', 'first', 3200.25),
(20, 15, 'TT00000015', '2023-06-20', '15A', 'business', 2320.25),
(20, 16, 'TT00000016', '2023-06-20', '16A', 'economy', 1220.25),
(20, 17, 'TT00000017', '2023-06-20', '17A', 'economy', 1220.25),
(20, 18, 'TT00000018', '2023-06-20', '18A', 'business', 2320.25),
(20, 19, 'TT00000019', '2023-06-20', '19A', 'economy', 1220.25),
(20, 20, 'TT00000020', '2023-06-20', '20A', 'first', 3200.25),
(21, 29, 'BR12345698', '2024-09-01', '11B', 'economy', 275.00),
(22, 9, 'BR12345699', '2024-10-15', '2A', 'first', 1450.00),
(23, 36, 'BR12345700', '2019-12-10', '19C', 'economy', 310.50),
(24, 28, 'BR12345701', '2021-06-10', '5E', 'business', 980.75),
(25, 16, 'BR12345702', '2022-09-15', '1B', 'first', 2100.00),
(26, 12, 'BR12345703', '2023-01-05', '14D', 'economy', 300.00),
(27, 39, 'BR12345704', '2024-02-01', '3C', 'business', 870.25),
(28, 35, 'BR12345705', '2024-06-01', '21F', 'economy', 255.50),
(29, 26, 'BR12345706', '2020-07-01', '9A', 'business', 895.00),
(30, 6, 'BR12345707', '2021-11-01', '7F', 'economy', 285.75),
(31, 40, 'BR12345708', '2020-04-01', '12D', 'economy', 340.00),
(32, 23, 'BR12345709', '2021-06-01', '4F', 'business', 920.00),
(33, 32, 'BR12345710', '2022-09-01', '10E', 'economy', 290.50),
(34, 17, 'WW00000001', '2023-11-01', '5A', 'economy', 1160.00),
(34, 17, 'WW00000002', '2023-11-01', '2B', 'business', 2160.00),
(34, 17, 'WW00000003', '2023-11-01', '21C', 'first', 3160.00),
(34, 17, 'WW00000004', '2023-11-01', '17F', 'business', 2160.00),
(34, 17, 'WW00000005', '2023-11-01', '2E', 'business', 2160.00),
(34, 17, 'WW00000006', '2023-11-01', '24D', 'economy', 1160.00),
(34, 17, 'WW00000007', '2023-11-01', '14A', 'business', 2160.00),
(34, 17, 'WW00000008', '2023-11-01', '11B', 'business', 2160.00),
(34, 17, 'WW00000009', '2023-11-01', '4A', 'economy', 1160.00),
(34, 17, 'WW00000010', '2023-11-01', '1B', 'business', 2160.00),
(34, 17, 'WW00000011', '2023-11-01', '5C', 'economy', 1160.00),
(34, 17, 'WW00000012', '2023-11-01', '9E', 'business', 2160.00),
(34, 17, 'WW00000013', '2023-11-01', '23F', 'first', 3160.00),
(34, 17, 'WW00000014', '2023-11-01', '21A', 'economy', 1160.00),
(34, 17, 'WW00000015', '2023-11-01', '13B', 'business', 2160.00),
(35, 1, 'BR12345712', '2024-05-01', '2B', 'first', 1950.00),
(36, 31, 'BR12345713', '2024-06-15', '15F', 'economy', 315.25),
(37, 13, 'BR12345714', '2020-07-01', '18A', 'economy', 275.00),
(38, 38, 'BR12345715', '2021-09-15', '8B', 'business', 905.75),
(39, 4, 'BR12345716', '2022-10-01', '11F', 'economy', 270.00),
(40, 20, 'BR12345717', '2023-05-01', '3A', 'first', 1850.00),
(41, 25, 'BR12345718', '2024-07-01', '13D', 'economy', 320.00),
(42, 34, 'BR12345719', '2024-09-10', '19A', 'economy', 285.50),
(43, 43, 'BR12345720', '2019-12-15', '5C', 'business', 890.00),
(44, 45, 'BR12345721', '2021-06-20', '16B', 'economy', 310.75),
(45, 46, 'BR12345722', '2022-08-15', '22C', 'economy', 295.25),
(46, 47, 'BR12345723', '2023-10-01', '7A', 'business', 945.00),
(47, 48, 'BR12345724', '2024-11-01', '4C', 'first', 1600.00),
(48, 49, 'BR12345725', '2024-02-01', '20E', 'economy', 250.00),
(49, 50, 'BR12345726', '2020-03-01', '1D', 'first', 1750.00),
(50, 44, 'BR12345727', '2021-07-01', '17A', 'economy', 335.00),
(51, 10, 'BR12345800', '2020-06-01', '1A', 'first', 1600.00),
(52, 15, 'BR12345801', '2021-08-10', '2B', 'business', 850.00),
(53, 22, 'BR12345802', '2022-10-01', '3C', 'economy', 310.00),
(54, 8, 'BR12345803', '2023-10-01', '4D', 'economy', 275.50),
(55, 30, 'BR12345804', '2021-12-20', '5E', 'business', 950.75),
(56, 5, 'BR12345805', '2022-01-28', '6F', 'economy', 280.00),
(57, 42, 'BR12345806', '2024-10-01', '7A', 'business', 860.25),
(58, 3, 'BR12345807', '2022-10-01', '8B', 'economy', 350.00),
(59, 27, 'BR12345808', '2024-03-10', '9C', 'business', 940.00),
(60, 19, 'BR12345809', '2022-04-20', '10D', 'economy', 290.00),
(61, 10, 'BR12345810', '2020-06-01', '11E', 'first', 1750.00),
(62, 24, 'BR12345811', '2021-06-10', '12F', 'economy', 320.00),
(63, 37, 'BR12345812', '2020-09-01', '13A', 'business', 780.75),
(64, 18, 'BR12345813', '2021-07-01', '14B', 'economy', 265.00),
(65, 7, 'BR12345814', '2023-07-01', '15C', 'business', 720.00),
(66, 21, 'BR12345815', '2024-10-01', '16D', 'first', 1800.50),
(67, 33, 'BR12345816', '2022-10-01', '17E', 'economy', 390.00),
(68, 14, 'BR12345817', '2023-03-01', '18F', 'economy', 280.00),
(69, 41, 'BR12345818', '2024-08-01', '19A', 'business', 910.00),
(70, 2, 'BR12345819', '2021-06-01', '20B', 'economy', 310.25),
(71, 29, 'BR12345820', '2020-08-10', '21C', 'economy', 275.00),
(72, 9, 'BR12345821', '2024-12-01', '22D', 'first', 1500.00),
(73, 36, 'BR12345822', '2024-07-01', '23E', 'economy', 310.50),
(74, 28, 'BR12345823', '2024-07-01', '24F', 'business', 920.75),
(75, 16, 'BR12345824', '2024-09-01', '1C', 'first', 2000.00),
(76, 12, 'BR12345825', '2021-09-01', '2D', 'economy', 330.00),
(77, 39, 'BR12345826', '2022-01-01', '3E', 'business', 870.25),
(78, 35, 'BR12345827', '2024-05-01', '4F', 'economy', 255.50),
(79, 26, 'BR12345828', '2023-01-01', '5A', 'business', 895.00),
(80, 6, 'BR12345829', '2022-04-01', '6B', 'economy', 285.75),
(81, 40, 'BR12345830', '2023-06-01', '7C', 'economy', 340.00),
(82, 23, 'BR12345831', '2020-02-01', '8D', 'business', 920.00),
(83, 32, 'BR12345832', '2021-07-01', '9E', 'economy', 290.50),
(84, 17, 'BR12345833', '2020-04-01', '10F', 'economy', 760.00),
(85, 1, 'BR12345834', '2019-12-01', '11A', 'first', 1950.00),
(86, 31, 'BR12345835', '2020-05-01', '12B', 'economy', 315.25),
(87, 13, 'BR12345836', '2022-11-01', '13C', 'economy', 275.00),
(88, 38, 'BR12345837', '2021-11-01', '14D', 'economy', 905.75),
(89, 4, 'BR12345838', '2021-08-01', '15E', 'economy', 270.00),
(90, 20, 'RR00000001', '2023-08-01', '14B', 'economy', 1850.00),
(90, 21, 'RR00000002', '2023-08-01', '1A', 'economy', 1850.00),
(90, 22, 'RR00000003', '2023-08-01', '3C', 'first', 3850.00),
(90, 23, 'RR00000004', '2023-08-01', '2B', 'economy', 1850.00),
(90, 24, 'RR00000005', '2023-08-01', '6D', 'business', 2850.00),
(90, 25, 'RR00000006', '2023-08-01', '1F', 'economy', 1850.00),
(90, 26, 'RR00000007', '2023-08-01', '8E', 'first', 3850.00),
(90, 27, 'RR00000008', '2023-08-01', '11C', 'first', 3850.00),
(90, 28, 'RR00000009', '2023-08-01', '4D', 'economy', 1850.00),
(90, 29, 'RR00000010', '2023-08-01', '12A', 'economy', 1850.00),
(91, 25, 'BR12345840', '2022-10-01', '17A', 'economy', 320.00),
(92, 34, 'BR12345841', '2023-12-01', '18B', 'economy', 285.50),
(93, 43, 'BR12345842', '2020-02-01', '19C', 'business', 890.00),
(94, 45, 'BR12345843', '2022-09-01', '20D', 'economy', 310.75),
(95, 46, 'BR12345844', '2023-11-01', '21E', 'economy', 295.25),
(96, 47, 'BR12345845', '2024-01-01', '22F', 'business', 945.00),
(97, 48, 'BR12345846', '2024-03-01', '23A', 'first', 1600.00),
(98, 49, 'BR12345847', '2020-05-01', '24B', 'economy', 250.00),
(99, 50, 'BR12345848', '2021-07-01', '1C', 'first', 1750.00),
(100, 44, 'BR12345849', '2022-09-01', '2D', 'economy', 335.00),
(101, 11, 'JP20000001', '2024-01-01', '1C', 'first', 2000.00),
(102, 11, 'JP20000002', '2024-02-10', '12B', 'first', 2200.00),
(103, 11, 'JP20000003', '2024-10-20', '24A', 'first', 1700.00),
(104, 11, 'JP20000004', '2024-07-15', '10B', 'first', 3000.00),
(105, 11, 'JP20000005', '2024-02-23', '8C', 'first', 2400.00),
(106, 11, 'JP20000006', '2024-01-20', '2B', 'first', 1900.00),
(107, 11, 'JP20000007', '2024-04-17', '28A', 'first', 3500.00),
(108, 30, 'SP20000001', '2024-02-01', '2C', 'first', 1500.00),
(109, 30, 'SP20000002', '2024-03-10', '13B', 'first', 1700.00),
(110, 30, 'SP20000003', '2024-11-20', '25A', 'first', 3100.00),
(111, 30, 'SP20000004', '2024-08-15', '11B', 'first', 3200.00),
(112, 30, 'SP20000005', '2024-03-23', '9C', 'first', 2900.00),
(113, 30, 'SP20000006', '2024-04-20', '3B', 'first', 2100.00),
(114, 68, 'BR30000001', '2024-03-01', '3C', 'first', 1400.00),
(115, 68, 'BR30000002', '2024-04-10', '14B', 'first', 2700.00),
(116, 68, 'BR30000003', '2024-12-20', '26A', 'first', 2900.00),
(117, 68, 'BR30000004', '2024-09-15', '12B', 'first', 1900.00),
(118, 68, 'BR30000005', '2024-04-23', '10C', 'first', 2300.00);

SELECT * FROM ticket;
-- ------------------------------------------------------------------------------------------------------------------------------------------------------------------------------------------
-- BAGGAGE DATA
-- ------------------------------------------------------------------------------------------------------------------------------------------------------------------------------------------
INSERT INTO baggage (ticket_id, weight, type) VALUES
(1, 8.50, 'carry_on'),
(2, 23.40, 'checked'),
(3, 7.80, 'carry_on'),
(4, 25.00, 'checked'),
(5, 10.20, 'carry_on'),
(6, 18.90, 'checked'),
(7, 9.30, 'carry_on'),
(8, 22.50, 'checked'),
(9, 6.80, 'carry_on'),
(10, 20.00, 'checked'),
(11, 7.00, 'carry_on'),
(12, 15.75, 'checked'),
(13, 9.90, 'carry_on'),
(14, 24.60, 'checked'),
(15, 8.10, 'carry_on'),
(16, 19.80, 'checked'),
(17, 7.50, 'carry_on'),
(18, 26.00, 'checked'),
(19, 5.40, 'carry_on'),
(20, 17.90, 'checked'),
(21, 6.00, 'carry_on'),
(22, 22.80, 'checked'),
(23, 9.50, 'carry_on'),
(24, 21.10, 'checked'),
(25, 7.80, 'carry_on'),
(26, 16.50, 'checked'),
(27, 8.90, 'carry_on'),
(28, 25.50, 'checked'),
(29, 10.00, 'carry_on'),
(30, 20.60, 'checked'),
(31, 9.20, 'carry_on'),
(32, 18.40, 'checked'),
(33, 6.70, 'carry_on'),
(34, 23.90, 'checked'),
(35, 8.30, 'carry_on'),
(36, 21.70, 'checked'),
(37, 7.40, 'carry_on'),
(38, 19.20, 'checked'),
(39, 9.10, 'carry_on'),
(40, 17.80, 'checked'),
(41, 10.50, 'carry_on'),
(42, 22.30, 'checked'),
(43, 7.90, 'carry_on'),
(44, 24.50, 'checked'),
(45, 5.80, 'carry_on'),
(46, 15.60, 'checked'),
(47, 8.20, 'carry_on'),
(48, 23.10, 'checked'),
(49, 6.90, 'carry_on'),
(50, 18.90, 'checked');

SELECT * FROM baggage;
-- ------------------------------------------------------------------------------------------------------------------------------------------------------------------------------------------
-- PAYMENT DATA
-- ------------------------------------------------------------------------------------------------------------------------------------------------------------------------------------------
INSERT INTO payment (ticket_id, amount, method, date) VALUES
(1, 418.74, 'cash', '2019-12-01'),
(2, 870.25, 'bank_transfer', '2020-01-20'),
(3, 1382.32, 'debit_card', '2021-04-10'),
(4, 332.85, 'credit_card', '2021-06-05'),
(5, 1798.57, 'debit_card', '2021-12-15'),
(6, 381.98, 'credit_card', '2022-02-10'),
(7, 956.85, 'debit_card', '2023-06-01'),
(8, 461.50, 'credit_card', '2023-09-12'),
(9, 1160.73, 'bank_transfer', '2024-10-15'),
(10, 350.00, 'bank_transfer', '2024-12-01'),
(11, 2351.94, 'bank_transfer', '2020-05-20'),
(12, 361.83, 'debit_card', '2021-08-30'),
(13, 999.77, 'bank_transfer', '2022-10-01'),
(14, 312.25, 'cash', '2023-02-01'),
(15, 850.09, 'bank_transfer', '2024-05-01'),
(16, 1964.26, 'debit_card', '2024-07-15'),
(17, 453.18, 'bank_transfer', '2020-02-15'),
(18, 329.21, 'bank_transfer', '2021-06-01'),
(19, 1060.58, 'debit_card', '2022-04-01'),
(20, 383.78, 'bank_transfer', '2023-06-20'),
(21, 325.97, 'credit_card', '2024-09-01'),
(22, 1721.62, 'cash', '2024-10-15'),
(23, 357.51, 'bank_transfer', '2019-12-10'),
(24, 1165.82, 'debit_card', '2021-06-10'),
(25, 2477.01, 'bank_transfer', '2022-09-15'),
(26, 358.18, 'cash', '2023-01-05'),
(27, 1028.46, 'cash', '2024-02-01'),
(28, 302.07, 'cash', '2024-06-01'),
(29, 1045.52, 'debit_card', '2020-07-01'),
(30, 342.33, 'cash', '2021-11-01'),
(31, 392.57, 'cash', '2020-04-01'),
(32, 1093.73, 'debit_card', '2021-06-01'),
(33, 343.39, 'cash', '2022-09-01'),
(34, 890.99, 'bank_transfer', '2023-11-01'),
(35, 2297.08, 'cash', '2024-05-01'),
(36, 370.00, 'cash', '2024-06-15'),
(37, 321.02, 'cash', '2020-07-01'),
(38, 1042.17, 'debit_card', '2021-09-15'),
(39, 322.01, 'cash', '2022-10-01'),
(40, 2140.78, 'debit_card', '2023-05-01'),
(41, 375.63, 'debit_card', '2024-07-01'),
(42, 342.08, 'credit_card', '2024-09-10'),
(43, 1038.69, 'bank_transfer', '2019-12-15'),
(44, 364.57, 'bank_transfer', '2021-06-20'),
(45, 342.35, 'credit_card', '2022-08-15'),
(46, 1115.82, 'debit_card', '2023-10-01'),
(47, 1908.75, 'debit_card', '2024-11-01'),
(48, 294.79, 'bank_transfer', '2024-02-01'),
(49, 2088.71, 'credit_card', '2020-03-01'),
(50, 400.12, 'cash', '2021-07-01'),
(51, 1856.51, 'bank_transfer', '2020-06-01'),
(52, 1016.41, 'bank_transfer', '2021-08-10'),
(53, 360.75, 'credit_card', '2022-10-01'),
(54, 329.9, 'credit_card', '2023-10-01'),
(55, 1123.88, 'debit_card', '2021-12-20'),
(56, 333.78, 'bank_transfer', '2022-01-28'),
(57, 1021.06, 'bank_transfer', '2024-10-01'),
(58, 404.64, 'cash', '2022-10-01'),
(59, 1086.93, 'bank_transfer', '2024-03-10'),
(60, 345.34, 'cash', '2022-04-20'),
(61, 2015.3, 'credit_card', '2020-06-01'),
(62, 381.81, 'bank_transfer', '2021-06-10'),
(63, 915.91, 'credit_card', '2020-09-01'),
(64, 315.33, 'bank_transfer', '2021-07-01'),
(65, 843.07, 'credit_card', '2023-07-01'),
(66, 2130.61, 'cash', '2024-10-01'),
(67, 450.33, 'debit_card', '2022-10-01'),
(68, 325.08, 'debit_card', '2023-03-01'),
(69, 1084.35, 'debit_card', '2024-08-01'),
(70, 365.44, 'cash', '2021-06-01'),
(71, 318.48, 'debit_card', '2020-08-10'),
(72, 1778.7, 'credit_card', '2024-12-01'),
(73, 360.79, 'debit_card', '2024-07-01'),
(74, 1101.06, 'bank_transfer', '2024-07-01'),
(75, 2343.21, 'bank_transfer', '2024-09-01'),
(76, 380.57, 'credit_card', '2021-09-01'),
(77, 1037.45, 'credit_card', '2022-01-01'),
(78, 304.09, 'credit_card', '2024-05-01'),
(79, 1043.56, 'cash', '2023-01-01'),
(80, 342.2, 'credit_card', '2022-04-01'),
(81, 401.05, 'credit_card', '2023-06-01'),
(82, 1094.81, 'credit_card', '2020-02-01'),
(83, 335.5, 'credit_card', '2021-07-01'),
(84, 908.86, 'debit_card', '2020-04-01'),
(85, 2327.17, 'bank_transfer', '2019-12-01'),
(86, 372.26, 'cash', '2020-05-01'),
(87, 324.87, 'cash', '2022-11-01'),
(88, 1053.97, 'bank_transfer', '2021-11-01'),
(89, 321.96, 'bank_transfer', '2021-08-01'),
(90, 2202.09, 'cash', '2023-08-01'),
(91, 371.27, 'debit_card', '2022-10-01'),
(92, 341.18, 'cash', '2023-12-01'),
(93, 1047.41, 'cash', '2020-02-01'),
(94, 369.72, 'credit_card', '2022-09-01'),
(95, 340.20, 'credit_card', '2023-01-01'),
(96, 1020.14, 'cash', '2024-01-01'),
(97, 1800.45, 'credit_card', '2024-01-01'),
(98, 274.12, 'debit_card', '2020-04-27'),
(99, 1950.04, 'credit_card', '2021-06-10'),
(100, 372.23, 'credit_card', '2022-08-15');

SELECT * FROM payment;
-- ------------------------------------------------------------------------------------------------------------------------------------------------------------------------------------------
-- CREW DATA
-- ------------------------------------------------------------------------------------------------------------------------------------------------------------------------------------------
INSERT INTO crew (first_name, last_name, dob, contact_number, email, role, experience_years) VALUES
('John', 'Doe', '1980-03-15', '+441234567890', 'john.doe@example.com', 'pilot', 20),
('Alice', 'Smith', '1985-07-22', '+442345678901', 'alice.smith@example.com', 'co_pilot', 15),
('Robert', 'Johnson', '1978-05-10', '+443456789012', 'robert.johnson@example.com', 'pilot', 22),
('Emily', 'Davis', '1992-11-30', '+444567890123', 'emily.davis@example.com', 'flight_attendant', 8),
('Michael', 'Brown', '1983-06-25', '+445678901234', 'michael.brown@example.com', 'engineer', 18),
('Sophie', 'Wilson', '1995-09-17', '+446789012345', 'sophie.wilson@example.com', 'purser', 6),
('David', 'Martinez', '1975-04-02', '+447890123456', 'david.martinez@example.com', 'pilot', 25),
('Laura', 'Taylor', '1990-08-14', '+448901234567', 'laura.taylor@example.com', 'flight_attendant', 10),
('Daniel', 'Anderson', '1987-02-19', '+449012345678', 'daniel.anderson@example.com', 'co_pilot', 13),
('Olivia', 'Thomas', '1998-12-03', '+441023456789', 'olivia.thomas@example.com', 'flight_attendant', 4),
('James', 'Harris', '1981-01-28', '+442134567890', 'james.harris@example.com', 'pilot', 19),
('Emma', 'Lewis', '1994-05-05', '+443245678901', 'emma.lewis@example.com', 'flight_attendant', 7),
('William', 'Scott', '1982-07-09', '+444356789012', 'william.scott@example.com', 'engineer', 17),
('Mia', 'Hall', '1997-10-23', '+445467890123', 'mia.hall@example.com', 'purser', 5),
('Alexander', 'Allen', '1979-06-14', '+446578901234', 'alexander.allen@example.com', 'pilot', 21),
('Charlotte', 'Young', '1993-03-18', '+447689012345', 'charlotte.young@example.com', 'flight_attendant', 9),
('Matthew', 'King', '1986-08-29', '+448790123456', 'matthew.king@example.com', 'co_pilot', 14),
('Amelia', 'Wright', '1999-11-06', '+449901234567', 'amelia.wright@example.com', 'flight_attendant', 3),
('Joseph', 'Lopez', '1984-04-27', '+441112345678', 'joseph.lopez@example.com', 'engineer', 16),
('Sophia', 'Gonzalez', '1996-09-13', '+442223456789', 'sophia.gonzalez@example.com', 'purser', 6),
('Lucas', 'Perez', '1976-02-05', '+443334567890', 'lucas.perez@example.com', 'pilot', 24),
('Isabella', 'Hill', '1991-07-30', '+444445678901', 'isabella.hill@example.com', 'flight_attendant', 9),
('Ethan', 'Adams', '1988-11-19', '+445556789012', 'ethan.adams@example.com', 'co_pilot', 12),
('Ava', 'Baker', '2000-01-12', '+446667890123', 'ava.baker@example.com', 'flight_attendant', 2),
('Benjamin', 'Nelson', '1980-06-07', '+447778901234', 'benjamin.nelson@example.com', 'pilot', 20),
('Grace', 'Carter', '1995-12-21', '+448889012345', 'grace.carter@example.com', 'flight_attendant', 6),
('Henry', 'Mitchell', '1977-09-08', '+449990123456', 'henry.mitchell@example.com', 'engineer', 23),
('Ella', 'Perez', '1992-05-14', '+441001234567', 'ella.perez@example.com', 'purser', 8),
('Samuel', 'Roberts', '1985-03-09', '+442112345678', 'samuel.roberts@example.com', 'co_pilot', 15),
('Lily', 'Clark', '1999-08-31', '+443223456789', 'lily.clark@example.com', 'flight_attendant', 3),
('Owen', 'Rodriguez', '1983-12-25', '+444334567890', 'owen.rodriguez@example.com', 'pilot', 18),
('Chloe', 'Lewis', '1997-06-03', '+445445678901', 'chloe.lewis@example.com', 'flight_attendant', 5),
('Jack', 'Walker', '1981-10-17', '+446556789012', 'jack.walker@example.com', 'engineer', 19),
('Harper', 'Allen', '1994-02-28', '+447667890123', 'harper.allen@example.com', 'purser', 7),
('Nathan', 'Torres', '1978-07-11', '+448778901234', 'nathan.torres@example.com', 'pilot', 22),
('Zoe', 'Nguyen', '1996-04-04', '+449889012345', 'zoe.nguyen@example.com', 'flight_attendant', 5),
('Jacob', 'White', '1989-09-16', '+441110123456', 'jacob.white@example.com', 'co_pilot', 11),
('Victoria', 'Harris', '2001-11-23', '+442220123456', 'victoria.harris@example.com', 'flight_attendant', 1),
('Ryan', 'Martinez', '1982-01-30', '+443330123456', 'ryan.martinez@example.com', 'pilot', 19),
('Scarlett', 'Thompson', '1993-07-07', '+444440123456', 'scarlett.thompson@example.com', 'flight_attendant', 9),
('Andrew', 'Garcia', '1986-10-12', '+445550123456', 'andrew.garcia@example.com', 'co_pilot', 13),
('Madison', 'Hernandez', '1998-05-26', '+446660123456', 'madison.hernandez@example.com', 'flight_attendant', 4),
('Joshua', 'Ramirez', '1979-12-19', '+447770123456', 'joshua.ramirez@example.com', 'pilot', 21),
('Aubrey', 'Campbell', '1995-10-11', '+448880123456', 'aubrey.campbell@example.com', 'flight_attendant', 6),
('Dylan', 'Sanchez', '1975-11-05', '+449990123456', 'dylan.sanchez@example.com', 'engineer', 25),
('Natalie', 'Reyes', '1990-09-27', '+441101123456', 'natalie.reyes@example.com', 'purser', 10),
('Sebastian', 'Rivera', '1984-08-02', '+442202123456', 'sebastian.rivera@example.com', 'co_pilot', 17),
('Andrew', 'Watson', '1984-08-03', '+442202123000', 'andrew.watson@example.com', 'pilot', 15),
('Antonio', 'Manio', '1980-01-17', '+442202123111', 'antonio.manio@example.com', 'co_pilot', 20),
('Dmytro', 'Divera', '1969-05-25', '+442202123222', 'dmytro.divera@example.com', 'pilot', 30);

SELECT * FROM crew;
-- ------------------------------------------------------------------------------------------------------------------------------------------------------------------------------------------
-- FLIGHT CREW DATA
-- ------------------------------------------------------------------------------------------------------------------------------------------------------------------------------------------
INSERT INTO flight_crew (crew_id, flight_id, assigned_date, shift_start, shift_end) VALUES
(1, 1, '2024-01-05', '08:00:00', '12:00:00'),
(2, 2, '2024-03-12', '09:30:00', '13:15:00'),
(3, 3, '2024-05-25', '14:00:00', '18:00:00'),
(4, 4, '2024-08-10', '16:45:00', '20:30:00'),
(5, 5, '2024-02-18', '06:30:00', '10:15:00'),
(6, 6, '2024-04-07', '07:00:00', '09:00:00'),
(7, 7, '2023-07-15', '10:30:00', '13:15:00'),
(8, 8, '2023-10-22', '14:45:00', '17:30:00'),
(9, 9, '2024-12-05', '06:15:00', '09:00:00'),
(10, 10, '2024-01-30', '12:00:00', '14:30:00'),
(11, 11, '2020-06-11', '07:45:00', '12:30:00'),
(12, 12, '2021-09-14', '08:30:00', '13:45:00'),
(13, 13, '2022-11-03', '09:15:00', '14:00:00'),
(14, 14, '2023-03-08', '10:00:00', '14:45:00'),
(15, 15, '2024-06-25', '11:30:00', '16:15:00'),
(16, 16, '2024-09-09', '06:00:00', '10:45:00'),
(17, 17, '2020-04-14', '07:30:00', '12:15:00'),
(18, 18, '2021-07-23', '08:15:00', '13:00:00'),
(19, 19, '2022-05-10', '09:00:00', '13:45:00'),
(20, 20, '2023-08-17', '10:30:00', '15:15:00'),
(21, 21, '2024-10-21', '06:45:00', '11:30:00'),
(22, 22, '2024-11-11', '07:30:00', '12:15:00'),
(23, 23, '2020-02-01', '08:15:00', '13:00:00'),
(24, 24, '2021-06-22', '09:00:00', '13:45:00'),
(25, 25, '2022-10-08', '10:30:00', '15:15:00'),
(26, 26, '2023-01-15', '07:00:00', '11:45:00'),
(27, 27, '2024-03-20', '08:30:00', '13:15:00'),
(28, 28, '2024-07-07', '09:15:00', '14:00:00'),
(29, 29, '2020-08-31', '10:00:00', '14:45:00'),
(30, 30, '2021-12-27', '11:30:00', '16:15:00'),
(31, 31, '2020-05-20', '06:30:00', '17:00:00'),
(32, 32, '2021-07-14', '08:45:00', '19:30:00'),
(33, 33, '2022-10-22', '10:00:00', '20:40:00'),
(34, 34, '2023-12-27', '11:30:00', '22:15:00'),
(35, 35, '2024-05-16', '13:00:00', '00:10:00'),
(36, 36, '2024-07-30', '15:00:00', '02:20:00'),
(37, 37, '2020-09-07', '16:45:00', '04:30:00'),
(38, 38, '2021-11-12', '18:20:00', '05:15:00'),
(39, 39, '2022-01-22', '20:00:00', '06:45:00'),
(40, 40, '2023-06-19', '22:30:00', '09:30:00'),
(41, 41, '2024-08-14', '06:15:00', '15:45:00'),
(42, 42, '2024-10-29', '08:10:00', '17:30:00'),
(43, 43, '2020-02-11', '09:30:00', '19:10:00'),
(44, 44, '2021-06-22', '11:00:00', '21:30:00'),
(45, 45, '2022-09-15', '12:45:00', '23:00:00'),
(46, 46, '2023-11-25', '14:30:00', '00:20:00'),
(47, 47, '2024-12-30', '16:15:00', '02:40:00'),
(48, 48, '2024-03-19', '18:00:00', '04:00:00'),
(49, 49, '2020-05-11', '19:45:00', '05:20:00'),
(50, 50, '2021-07-14', '21:30:00', '06:40:00');

SELECT * FROM flight_crew;
-- ------------------------------------------------------------------------------------------------------------------------------------------------------------------------------------------
-- DELAY DATA
-- ------------------------------------------------------------------------------------------------------------------------------------------------------------------------------------------
INSERT INTO delay (flight_id, duration, reason, reported_time) VALUES
(119, 45, 'Adverse weather conditions', '2017-03-05 14:30:00'),
(120, 30, 'Technical issues with the aircraft', '2017-04-14 09:15:00'),
(124, 25, 'Air traffic congestion', '2017-08-28 18:20:00'),
(125, 90, 'Security concerns at departure airport', '2017-10-10 22:45:00'),
(126, 50, 'Crew scheduling conflicts', '2017-12-22 06:10:00'),
(130, 35, 'Baggage loading delays', '2017-02-10 11:55:00'),
(131, 40, 'Medical emergency onboard', '2017-05-30 17:05:00'),
(132, 20, 'Passenger boarding delays', '2017-07-21 13:40:00'),
(133, 70, 'Runway closure due to maintenance', '2017-09-15 20:30:00'),
(90, 55, 'Strike by airline ground staff', '2023-11-18 07:20:00'),
(91, 85, 'Unexpected technical maintenance', '2024-12-30 12:50:00'),
(92, 33, 'Refueling delay', '2024-03-19 15:15:00'),
(93, 48, 'Issues with air traffic control clearance', '2020-04-14 08:40:00'),
(94, 20, 'Pilot was late', '2021-06-20 10:25:00');

SELECT * FROM delay;
-- ------------------------------------------------------------------------------------------------------------------------------------------------------------------------------------------
-- CANCELLATION DATA
-- ------------------------------------------------------------------------------------------------------------------------------------------------------------------------------------------
INSERT INTO cancellation (flight_id, reason, cancellation_date) VALUES
(121, 'Weather', '2017-07-14 06:00:00'),
(126, 'Mechanical Failure', '2017-06-10 15:30:00'),
(127, 'Crew Unavailability', '2017-08-21 09:45:00'),
(128, 'Security Threat', '2017-10-14 22:00:00'),
(129, 'Air Traffic Strike', '2017-11-05 18:15:00'),
(134, 'Runway Closure', '2017-01-15 05:20:00'),
(135, 'Financial Issues', '2017-03-22 14:10:00'),
(136, 'Pandemic Restrictions', '2020-05-28 08:30:00'),
(58, 'Fuel Shortage', '2021-07-14 12:05:00'),
(59, 'Low Passenger Demand', '2022-09-01 16:40:00');

SELECT * FROM cancellation;
-- ------------------------------------------------------------------------------------------------------------------------------------------------------------------------------------------
-- LOG DATA
-- ------------------------------------------------------------------------------------------------------------------------------------------------------------------------------------------
SELECT * FROM log;
-- ------------------------------------------------------------------------------------------------------------------------------------------------------------------------------------------